<?xml version="1.0"?>
<sfljTSE>
<!-- Account -->
<ACCOUNT>
	<NAME>Account TEST</NAME>
	<BANK>test Bank</BANK>
	<CC>666</CC>
	<CASH>20000</CASH>
	<VALUTE>EUR</VALUTE>
</ACCOUNT>
<!-- Trading Account -->
<TRADING_ACCOUNT>
	<TYPE>percentage</TYPE>
	<AMOUNT>50</AMOUNT>
</TRADING_ACCOUNT>
<!-- Commission plan and SlipPage-->
<COMMISSIONS>
	<BASE>9</BASE>
	<PERCENTAGE>1.9</PERCENTAGE>
	<UPTO>19</UPTO>
	<SLIPPAGE>0</SLIPPAGE>
</COMMISSIONS>
<!-- Symbols on which test the system-->
<SYMBOLS>
	<SYMBOL>tiscali</SYMBOL>
</SYMBOLS>
<!-- Quotes -->
<QUOTES>
	<PERIODS>all</PERIODS>
</QUOTES>
<!-- Reports -->
<REPORTS>
	<REPOSITY>jars/reports/</REPOSITY>
	<STATISTICS>yes</STATISTICS>
	<TRADELIST>yes</TRADELIST>
	<EQUITY>no</EQUITY>	
	<FORMAT>html</FORMAT>
</REPORTS>
</sfljTSE>