<?xml version="1.0"?>
<sfljTSE name="Imports">
<PROVIDER>
	<NAME>Custom Values exchange</NAME>
	<URL>file</URL>
</PROVIDER>
<FORMAT>
	<TYPE>csv</TYPE>
	<SEPARATOR>;</SEPARATOR>
	<TEXT_DELIMITER></TEXT_DELIMITER>
	<!-- ex. 29/01/05 -->
	<DATE_FORMAT>dd/MM/yyyy</DATE_FORMAT>
</FORMAT>
<FIELDS>
	<!-- Date;time;Open;Close;High;low -->
	<FIELD>date</FIELD>
	<FIELD>time</FIELD>
	<FIELD>open</FIELD>
	<FIELD>close</FIELD>
	<FIELD>high</FIELD>
	<FIELD>low</FIELD>
</FIELDS>
</sfljTSE>