<?xml version="1.0"?>
<sfljTSE name="Imports">
<PROVIDER>
	<NAME>Yahoo Finance Italy (Daily)</NAME>
	<URL>http://finance.yahoo.it/</URL>
</PROVIDER>
<FORMAT>
	<TYPE>csv</TYPE>
	<SEPARATOR>,</SEPARATOR>
	<TEXT_DELIMITER>"</TEXT_DELIMITER>
	<!-- ex. 29/Jul/04 -->
	<DATE_FORMAT>dd-MMM-yy</DATE_FORMAT>
</FORMAT>
<FIELDS>
	<FIELD>date</FIELD>
	<FIELD>open</FIELD>
	<FIELD>high</FIELD>
	<FIELD>low</FIELD>
	<FIELD>close</FIELD>
	<FIELD>volume</FIELD>
	<FIELD>adjclose</FIELD>
</FIELDS>
</sfljTSE>